{
    "name": "scene",
    "objects": [
        {
            "type": "LIGHT",
            "name": "Light",
            "transform": {
                "translation": [
                    4.076245307922363,
                    1.0054539442062378,
                    5.903861999511719
                ],
                "rotation": [
                    37.26104736328125,
                    3.1637091636657715,
                    106.93632507324219
                ],
                "scaling": [
                    1.0,
                    0.9999999403953552,
                    1.0
                ]
            }
        },
        {
            "type": "CAMERA",
            "name": "Camera",
            "transform": {
                "translation": [
                    7.358891487121582,
                    -6.925790786743164,
                    4.958309173583984
                ],
                "rotation": [
                    63.559295654296875,
                    2.2983238068263745e-07,
                    46.69194412231445
                ],
                "scaling": [
                    1.0,
                    1.0,
                    1.0
                ]
            }
        },
        {
            "type": "MESH",
            "name": "Skydome",
            "transform": {
                "translation": [
                    0.0,
                    0.0,
                    0.0
                ],
                "rotation": [
                    0.0,
                    -0.0,
                    0.0
                ],
                "scaling": [
                    3.184230089187622,
                    8.763559341430664,
                    3.6212449073791504
                ]
            },
            "file_name": "skydome"
        },
        {
            "type": "MESH",
            "name": "Plane.001",
            "transform": {
                "translation": [
                    28.582530975341797,
                    -30.039493560791016,
                    -10.0
                ],
                "rotation": [
                    0.0,
                    -0.0,
                    0.0
                ],
                "scaling": [
                    0.699999988079071,
                    0.17647932469844818,
                    1.0
                ]
            },
            "file_name": "ground",
            "collider": {
                "type": "BOX",
                "center": [
                    10.0,
                    0.0,
                    0.0
                ],
                "size": [
                    200.0,
                    200.0,
                    2.0
                ]
            }
        },
        {
            "type": "MESH",
            "name": "Goal",
            "transform": {
                "translation": [
                    0.0,
                    50.0,
                    -10.0
                ],
                "rotation": [
                    0.0,
                    -0.0,
                    0.0
                ],
                "scaling": [
                    10.0,
                    10.0,
                    10.0
                ]
            },
            "file_name": "sphere",
            "objecttype": "GOAL"
        },
        {
            "type": "MESH",
            "name": "Player",
            "transform": {
                "translation": [
                    60.0,
                    -33.126800537109375,
                    -8.0
                ],
                "rotation": [
                    0.0,
                    -0.0,
                    -90.00000762939453
                ],
                "scaling": [
                    1.0,
                    1.0,
                    1.0
                ]
            },
            "file_name": "player",
            "objecttype": "PLAYER"
        },
        {
            "type": "MESH",
            "name": "boss1",
            "transform": {
                "translation": [
                    -150.0,
                    30.0,
                    10.0
                ],
                "rotation": [
                    0.0,
                    -0.0,
                    0.0
                ],
                "scaling": [
                    3.0,
                    3.0,
                    3.0
                ]
            },
            "file_name": "boss1",
            "objecttype": "ENEMY",
            "objectpattern": "BOSS1"
        },
        {
            "type": "MESH",
            "name": "Enemy1.001",
            "transform": {
                "translation": [
                    60.0,
                    37.5,
                    0.0
                ],
                "rotation": [
                    0.0,
                    -0.0,
                    -90.00000762939453
                ],
                "scaling": [
                    1.0,
                    1.0,
                    1.0
                ]
            },
            "file_name": "spikeball",
            "objecttype": "GIMMICK",
            "objectpattern": "SPIKE"
        },
        {
            "type": "MESH",
            "name": "fallsphere",
            "transform": {
                "translation": [
                    60.0,
                    50.0,
                    -10.0
                ],
                "rotation": [
                    90.00000762939453,
                    -0.0,
                    0.0
                ],
                "scaling": [
                    10.0,
                    10.0,
                    10.0
                ]
            },
            "file_name": "sphere2",
            "objecttype": "GIMMICK",
            "objectpattern": "FALLSPHERERETURN"
        },
        {
            "type": "MESH",
            "name": "fallsphere.001",
            "transform": {
                "translation": [
                    60.0,
                    0.0,
                    -10.0
                ],
                "rotation": [
                    90.00000762939453,
                    -0.0,
                    0.0
                ],
                "scaling": [
                    10.0,
                    10.0,
                    10.0
                ]
            },
            "file_name": "sphere2",
            "objecttype": "GIMMICK",
            "objectpattern": "FALLSPHERE"
        },
        {
            "type": "MESH",
            "name": "fallsphere.002",
            "transform": {
                "translation": [
                    60.0,
                    25.0,
                    -10.0
                ],
                "rotation": [
                    90.00000762939453,
                    -0.0,
                    0.0
                ],
                "scaling": [
                    10.0,
                    10.0,
                    10.0
                ]
            },
            "file_name": "sphere2",
            "objecttype": "GIMMICK",
            "objectpattern": "FALLSPHERERETURN"
        }
    ]
}